,RandomForest,XGB,LightGBM,Prophet,NBEATS,RNN,LSTM,GRU,TCN,TFT,NHiTS,ARIMA,TBATS
BTC,"[0.00123249087109701, 0.0027446519379478902, 0.005537050363912333, 0.005449651678304434, 0.005536554051477255]","[0.001338546400717404, 0.0027568580710862936, 0.007125585407647114, 0.006753267251670679, 0.006777510282213168]","[0.0011249614004828008, 0.002684668742409734, 0.005754279609129559, 0.005357704873828552, 0.005417442331386163]","[0.0011076691326305985, 0.0026395361153056574, 0.0020123130949696727, 0.0016664082969909551, 0.0019537133089996394]","[0.0014493886869791466, 0.0032586762968169368, 0.011000027195567714, 0.010415791744105235, 0.010532097322221297]","[0.0011195088038266413, 0.002766412031336411, 0.0058382665288081725, 0.005445878085589325, 0.005512421349920007]","[0.0012616467326437735, 0.002943191729194255, 0.0045206127716246975, 0.004338755425420146, 0.004303891367455727]","[0.0011123250758871017, 0.002676649339463603, 0.005981290781612328, 0.0055615461246984665, 0.005623080105414833]","[0.0012429910012595547, 0.0032349295129378004, 0.0056305280990125404, 0.005272909939364625, 0.00531435891918372]","[0.001821550338582262, 0.0026685880506474016, 0.006145399785474301, 0.005517109449547827, 0.005887912986183872]","[0.0011260019140950238, 0.0029303489061975386, 0.005751440572587079, 0.005615378482243692, 0.0055749420814341435]","[0.001173701388880871, 0.0027043337992930573, 0.0022182259732213346, 0.0018289542708500126, 0.00197487352207211]","[0.001109277851650308, 0.0026807484970150716, 0.0019911810737246217, 0.0016604558248537414, 0.0019545491380351487]"
ETH,"[0.0015534514840410824, 0.002764621857986901, 0.0022067005396940328, 0.0030778842918809507, 0.004699336448052674]","[0.0016223432393219779, 0.0028999019561000323, 0.0023200830800077744, 0.003380736400421661, 0.0047003735419622475]","[0.0015049185708305736, 0.0025492730781194297, 0.0021073172893984176, 0.0030296761863443443, 0.0046380714395902215]","[0.001526712764185605, 0.002007719091586568, 0.0020753451543902863, 0.002841443188304742, 0.004608163504026612]","[0.0015716012441850753, 0.002631554522080459, 0.0022773321412895738, 0.003084903905289463, 0.005063870073221173]","[0.0015587374416922626, 0.002529379864813521, 0.002206748360184048, 0.003014801307583108, 0.004619399951704571]","[0.0015830445808620028, 0.002404531891513905, 0.0026320434503269417, 0.002996947330202781, 0.005114007407091259]","[0.001531586688183194, 0.0026577413418560824, 0.0022643219525699484, 0.0030953405588955694, 0.004720805081639523]","[0.0015327324364035368, 0.0024638620196179946, 0.0023316531943250217, 0.0028656329235236385, 0.005161773246044908]","[0.0023397139149629563, 0.0026981404067219585, 0.0023849842642748105, 0.0033606899473679268, 0.004709762837734811]","[0.0020163935089350157, 0.0026229343874728354, 0.0027356386724864366, 0.0032773764997072225, 0.005099030305710994]","[0.0015642269915164182, 0.0020560052096893983, 0.0021628224724503714, 0.002727451086671448, 0.004774364096214453]","[0.001513747411898129, 0.0020099896927761214, 0.002046050208487925, 0.0028027677283618394, 0.004622279330649092]"
BNB,"[0.000703058199618951, 0.0018135806938751858, 0.004032058746035645, 0.0026810306707868796, 0.003197650244730741]","[0.0008495018362864385, 0.0020071396290302604, 0.004796177428332423, 0.0033286198349619573, 0.0037377341462114695]","[0.0006883453607745005, 0.0017865347913169562, 0.003784724802546415, 0.002442895464967782, 0.0030439550223649936]","[0.0006895290216632739, 0.001785987227446182, 0.00214037031333128, 0.0015112748105364062, 0.00243273945815444]","[0.0007442722392395153, 0.0021622977683792587, 0.004397336371010061, 0.002964019860298942, 0.003492268348477337]","[0.0006974783936316904, 0.0018080799546794403, 0.0039019568097583496, 0.002482495152902755, 0.0030835742386029937]","[0.0007125867224900426, 0.001815718461762215, 0.004201493049165143, 0.0028917224560080414, 0.0036919118041177125]","[0.0007126806239883308, 0.0019696579004940674, 0.004215679539389633, 0.0026625805496302605, 0.0032852237719749157]","[0.0007148071184388692, 0.0019622113951797576, 0.003592927578085166, 0.002563409402429205, 0.0030366341755287663]","[0.001148535782011999, 0.0019469977942135883, 0.004254123127226552, 0.0028336441807013677, 0.0035303899672119244]","[0.0006910890740162403, 0.001808824153380293, 0.0038105625829278145, 0.0024824217698519693, 0.0030642275244450296]","[0.0007335687345192556, 0.001865989431330745, 0.0021450219551601563, 0.0016268627771118497, 0.002371146434048524]","[0.0007012986740699967, 0.00180110608374569, 0.002115369789473158, 0.0015056202643095773, 0.00240736823538107]"
XRP,"[0.0015252378643012272, 0.002338723121722014, 0.003672501080352144, 0.0023364014817511235, 0.004124778572059146]","[0.0021143004194490805, 0.002568561816650478, 0.0040102862623396344, 0.0029419839715556697, 0.004431607380907921]","[0.0015349190918920027, 0.002262393340599198, 0.003499410632382525, 0.002254812707021401, 0.004119094155370812]","[0.001563973546849476, 0.0022262889817433558, 0.00247915945130757, 0.0018637414502449125, 0.003963693544211694]","[0.002622664629770025, 0.0032064794634337154, 0.003956973608424574, 0.002532226920416387, 0.004939035133289175]","[0.0015527974882731397, 0.0022368244288976822, 0.00362929127214728, 0.0023608539156051225, 0.004198551718604465]","[0.0015466072018203063, 0.002304493606554756, 0.003681318326638574, 0.0023350424567618955, 0.004137789797493765]","[0.0016096116320937304, 0.0022281840375161788, 0.003452930487296656, 0.0022247326142782135, 0.004217795424871179]","[0.0015420432498339885, 0.0023795443230990067, 0.003862560522607563, 0.002294995298076063, 0.004717093660465014]","[0.0028042759062583767, 0.0034820655718567715, 0.004313793169936095, 0.0028038086208049392, 0.004613414421613232]","[0.0016286310008992496, 0.0022406544425546174, 0.004515747268773889, 0.002692228148636627, 0.004581550501477512]","[0.0015442773313304539, 0.0023008370760679714, 0.00260682673617202, 0.0020091405859455, 0.004139033900900832]","[0.0015379355541774529, 0.002235928925067981, 0.00246175648979795, 0.0018565872734392275, 0.003969529277871594]"
ADA,"[0.001964869118124348, 0.0031969553402657006, 0.004546160007089586, 0.004423993281706624, 0.005589835414262557]","[0.0024926604422266557, 0.003707230290059961, 0.004346941213986786, 0.005131474098293414, 0.0058582434150178785]","[0.0018918957669799713, 0.0032523586448962158, 0.004339619428387902, 0.004086868768000901, 0.005315658436308579]","[0.0018964760997438577, 0.002377971011782817, 0.0032450110885510995, 0.0032076025790513567, 0.004584758111058513]","[0.0022364399538304753, 0.003161627040905999, 0.005174201172294507, 0.004332284261277837, 0.005951898578165904]","[0.0019228786240541708, 0.0033107872445710578, 0.004493488069078407, 0.004209671861092488, 0.005410660272791513]","[0.0018896719002027594, 0.0035617285647849477, 0.006188513969760496, 0.006405325888558586, 0.007081882900049735]","[0.001985556747201426, 0.003976136884592913, 0.004675071552672526, 0.004353635456604619, 0.0058025991625144146]","[0.0019436633110259049, 0.0035711745808928736, 0.004847158495787896, 0.004698687194002463, 0.005867536292700395]","[0.0030394259879776586, 0.003585352231376605, 0.004532372467889256, 0.004657933024638557, 0.006046968726506021]","[0.001998205012408278, 0.0037109936814799407, 0.004192346926373735, 0.004137734128462372, 0.005880435687501206]","[0.001999002570537107, 0.0025555333545536473, 0.003337623383555589, 0.003416601326001915, 0.004810985488148646]","[0.0019025708179085535, 0.0023826399363100896, 0.0032554845312011836, 0.003195670972909825, 0.00455218289010531]"
DOGE,"[0.002653035916033846, 0.0025037431948725986, 0.005600330791184573, 0.005976789763311067, 0.01771697178248127]","[0.0035823186987321795, 0.003554847812299874, 0.006437319113290724, 0.0067251668032518265, 0.020901991173948656]","[0.002670579674467873, 0.002518298693417158, 0.005530429437431255, 0.005793908865257673, 0.01752707485834144]","[0.002667737798625906, 0.0025439065972948554, 0.0030418504917698584, 0.004013084697351183, 0.004281224529247615]","[0.002888814097943082, 0.00263378786805656, 0.003974042053058019, 0.005070820325748988, 0.007977026288696964]","[0.00282702067101977, 0.0025453601469474095, 0.006580821320167683, 0.006742592323116211, 0.02129029945032128]","[0.0029606967405784125, 0.0028589429714137326, 0.005999349396040879, 0.006262577506968191, 0.019707084516755995]","[0.002684773006053666, 0.002549371422300664, 0.005138275843923159, 0.005555703096469019, 0.01588117775748749]","[0.0027642294487506833, 0.0026233688904088357, 0.006237854252416688, 0.007037893042716578, 0.020627574704438798]","[0.0058403114594779764, 0.005330185872463921, 0.005600672076993733, 0.005982651266151305, 0.017865733573017933]","[0.0029245966057696153, 0.002747871980597213, 0.00554825636330633, 0.005607084498702373, 0.016602232432797282]","[0.002683527250625611, 0.0025036525696230435, 0.003143883691946494, 0.004422345203387411, 0.0044091501418661114]","[0.0026497384657151405, 0.0024734014791755222, 0.0030042239218636578, 0.003979059224296191, 0.004226477803553185]"
MATIC,"[0.0015775693277400944, 0.0026746214004191807, 0.002771586621933011, 0.0039420505417226154, 0.004973005569078786]","[0.0019381278535694616, 0.0030820833354909183, 0.0030845341286816833, 0.0042333954695790675, 0.005418333707918387]","[0.0015133353835075794, 0.002753675909357731, 0.0025503991733401886, 0.003524664996567885, 0.004571814537845047]","[0.0015185473409489601, 0.001991518949971607, 0.0025746953315335043, 0.002294239051889709, 0.003767464446408827]","[0.001944533858162379, 0.003192198814409022, 0.0031126187089137998, 0.0052695911464161775, 0.00606012658564621]","[0.001615146368622496, 0.003155383144427699, 0.002583417825404866, 0.0037145075887247757, 0.004938565921583346]","[0.002155524949618267, 0.004568329983253194, 0.0027779703469950545, 0.004157801919297885, 0.00510320502628295]","[0.0017002181810620621, 0.0033357533361596894, 0.0026856318213728182, 0.00344428412788658, 0.004629444076030379]","[0.0016432208218296596, 0.0030333364588704466, 0.0034333487908805582, 0.005071235409959194, 0.0061913352619073535]","[0.0023267676988686305, 0.00308077822491887, 0.0029992549755423893, 0.004277023752978355, 0.0052278092221476466]","[0.0018435919795404627, 0.002944035030050212, 0.0028344484449963833, 0.00425207714674653, 0.00536651514106593]","[0.0015278010903276426, 0.0020739445965558476, 0.0025595965972905685, 0.002345673940832975, 0.0038590058811743227]","[0.001533847520922106, 0.002015639718893358, 0.002573567599830411, 0.0022544528374727497, 0.003711988362768077]"
LINK,"[0.0016811846715184928, 0.002284362211285346, 0.0039562910937833776, 0.0038086693131980007, 0.004633174385755801]","[0.0019051907134463844, 0.0023237747370251556, 0.004791737889145912, 0.004444593432126358, 0.005268053309512032]","[0.0024257894085392157, 0.002296976451012933, 0.004225788575722185, 0.0035691676346893287, 0.004480365430884417]","[0.0017204987747423373, 0.0022491206077028987, 0.0025656236106555794, 0.002716383660347039, 0.003949503354222996]","[0.001974016124332069, 0.002733980446236585, 0.004208098190686587, 0.004437894253268199, 0.005532829354532213]","[0.0017325240997582243, 0.00229164173446614, 0.004755329860608804, 0.004257837521007588, 0.00504138047195285]","[0.0017491607712446717, 0.002288336732455673, 0.005162449033993686, 0.004575990355211328, 0.005261064130273502]","[0.0018942227488900315, 0.0027308215070211725, 0.004633453455368716, 0.005068816186698573, 0.00549158762851289]","[0.001728226910550122, 0.002349360442653418, 0.004941766316513328, 0.00446959460308581, 0.005373664730216962]","[0.002440674093553699, 0.002405276516629084, 0.005018417520611154, 0.0045607509227427795, 0.005078257619088629]","[0.0020607723190136313, 0.002516247263947347, 0.0038849382694218764, 0.004094701404056606, 0.004890749053276221]","[0.0018210204578051714, 0.0022432779718852213, 0.0027242781971320035, 0.002772260871155856, 0.003976918687664775]","[0.0016830586249072053, 0.0022323260434626317, 0.002556582605971338, 0.002688012417511385, 0.0038712538062316616]"
ETC,"[0.0016211844185812236, 0.003051496643603308, 0.006810298086132877, 0.006323001055930142, 0.006696200322114911]","[0.001882612475641251, 0.00307204011316748, 0.007602149023324374, 0.007480551142250376, 0.007820684015244973]","[0.0016121313948739713, 0.003021186159993766, 0.006540918531704341, 0.006048754516687548, 0.0062182698517277354]","[0.0016098940812118694, 0.0026755601894591923, 0.004791822249990456, 0.005029269132358484, 0.004160398414555853]","[0.0016493882878212622, 0.0028070447632089317, 0.0075888136659615635, 0.007166904335522425, 0.0077048556911680725]","[0.0016058900321681594, 0.003014218426824328, 0.0064670183444540535, 0.005965407666392869, 0.006083992567812423]","[0.0016085856604838237, 0.003039438427191409, 0.0065608509025750035, 0.006013347266981513, 0.006182110699616642]","[0.0016256949455684454, 0.003099859688805906, 0.006974387237889268, 0.0062444679358668554, 0.006512238965212874]","[0.0016146051354000333, 0.003052538959499614, 0.007178614638837679, 0.006346319663240613, 0.006805873648177894]","[0.0028007142714691654, 0.0034289674219616195, 0.007159598244237758, 0.0071794099123168795, 0.007200698635355845]","[0.0016991259739261263, 0.003413839613604346, 0.008872018226205028, 0.007578363956096683, 0.00797173218850186]","[0.0016949283491443348, 0.0027858114598182603, 0.004621680491060505, 0.00495509095150487, 0.004414203711391083]","[0.0016114470175196368, 0.0026374330107096404, 0.004961605896563705, 0.004998770595176933, 0.003961906074304767]"
XLM,"[0.0018916678184318317, 0.003823029174801603, 0.002929889181797139, 0.002676727470938033, 0.0028261556516328877]","[0.0021889227827543026, 0.00385157837668655, 0.003008685918202464, 0.002584566956127953, 0.0028928163870825903]","[0.0018498663494939888, 0.0037470226833186044, 0.0029003893950816746, 0.0025821160584960983, 0.0026860255468326402]","[0.0018908505930205547, 0.0019713072814895537, 0.0021814650072143455, 0.001968892578617332, 0.002637499575705762]","[0.0020489331115698547, 0.003489932273741307, 0.003237028754792846, 0.003107207759214726, 0.0030544157143105647]","[0.002027638099851834, 0.004508356075844306, 0.0036457963051238695, 0.00339759623428256, 0.0029836119791631223]","[0.0018673529467125895, 0.004084138549878063, 0.003057525674561424, 0.0027151038072691417, 0.0027231970316223494]","[0.0021315646820199157, 0.005449877788655836, 0.003778736833421653, 0.0031808947169029134, 0.0033242045799650884]","[0.0020485930056524, 0.004072331056114073, 0.002935769813449327, 0.0026603693954958627, 0.002804755582812277]","[0.002695714268638568, 0.0043204548916750945, 0.0041239574630721875, 0.0038706479178480966, 0.004118011072795445]","[0.0018313401802966336, 0.0033981812830578897, 0.002729911434288024, 0.0024150957824735845, 0.002622075666914579]","[0.0019121895165655116, 0.0020748618364650902, 0.0022351802976380048, 0.0020123449173696, 0.0026042657206965837]","[0.0018583952163557548, 0.0019812647998595626, 0.002124712824392001, 0.001891814299523182, 0.002618987277316079]"
LTC,"[0.001572213399957755, 0.00325110225657694, 0.007675470716406131, 0.006040186915405595, 0.006916983407456584]","[0.001737107075846417, 0.0034532254422443205, 0.006838992817911146, 0.004596916372171165, 0.006280771619304079]","[0.0015328600056336743, 0.0032852992512843724, 0.007505758208966762, 0.005896726204224499, 0.006823363676440035]","[0.0015606664024576855, 0.003645611266040521, 0.002992841744557702, 0.0023476046180267753, 0.004231994097670341]","[0.0018494915477208094, 0.004449207825630785, 0.006453393013498755, 0.0043444742543303815, 0.006152979220214616]","[0.0015751178908195585, 0.0033269433119636318, 0.007208796196356741, 0.005472679563084245, 0.0065683617530687645]","[0.0019518922424596997, 0.0034583347471865886, 0.008693492346363928, 0.0073943097554840746, 0.008787546634076122]","[0.001664934355170152, 0.0034106421176722966, 0.004298865094481137, 0.004324253917304789, 0.005338281923493479]","[0.0015847218785665876, 0.003404558303414282, 0.005667922153115002, 0.005100914597828785, 0.006085665971226392]","[0.0023674415985332664, 0.003347534678358462, 0.006961103869086535, 0.005531459677726851, 0.006536664037611735]","[0.0016968722577002486, 0.004425772567436157, 0.003745644130482089, 0.004042875034998906, 0.005778282996241919]","[0.0015928345527068321, 0.003346177972254623, 0.003143381822847777, 0.002668881591560163, 0.0043770045032416076]","[0.0015491448042281438, 0.003279042646168613, 0.00298533890136152, 0.0022514339429967, 0.004200016430627748]"
TRX,"[0.0011797535032126878, 0.0018858802920662392, 0.004586059701119681, 0.0019999150892252696, 0.0024859255420410288]","[0.001350056716430274, 0.002056111388352843, 0.00468035573202759, 0.0027858271304732943, 0.002908965031723133]","[0.0011790470328320126, 0.0018713254258614738, 0.004574819556885907, 0.001984548600680042, 0.0023844583467904955]","[0.0012179955078921259, 0.0013901268320185634, 0.004475051459707493, 0.0017521078444183884, 0.0022482771041812287]","[0.001180026405970555, 0.002129623193550769, 0.005177211771174548, 0.002109418249040904, 0.0025272819688319094]","[0.0011755242114439943, 0.00189040588176534, 0.004613677612213751, 0.0019049666221776123, 0.0022921577646962867]","[0.0011943322474580005, 0.0020664739970560394, 0.004701057026385626, 0.0021311530602764377, 0.002486779343658858]","[0.001623932713841914, 0.001652823627499265, 0.00454796577147119, 0.003128067880901434, 0.003462353184362659]","[0.0011874823868332303, 0.001966550300578955, 0.005287616092109308, 0.002071068204335742, 0.002514649882205299]","[0.001954502648267223, 0.002023010729384985, 0.004616853276361385, 0.0036460369164322613, 0.00441246569353506]","[0.0012529995851558746, 0.0018234161299242797, 0.00474438714067632, 0.0022882843914317622, 0.00256665933010305]","[0.0013009358659198701, 0.001437853908540367, 0.004689685715978738, 0.0019059759450985596, 0.002343693490012644]","[0.0011784828218186583, 0.0013345308893236575, 0.004824518287704789, 0.0016680404971601123, 0.002129620032701652]"
ATOM,"[0.0014966822349594387, 0.0021204745338955755, 0.003465460712172782, 0.004983471751066759, 0.006268480086283484]","[0.001732013366684721, 0.002224630344379087, 0.0038071785225071188, 0.006063566107456313, 0.006822398806401887]","[0.0015220880340893373, 0.002061975387528143, 0.003470482679717615, 0.00520089552228705, 0.00602320504997801]","[0.0015465525404125954, 0.0020497963221468027, 0.0029279300594698718, 0.0024828974088908157, 0.004088797356210409]","[0.0020716208949387404, 0.002607044630338976, 0.003636634909896922, 0.00597887830180319, 0.006476490273255575]","[0.001562136424417861, 0.0021935994083635965, 0.0034431906618531552, 0.0049267662193422735, 0.005909620510678987]","[0.0015105525144177875, 0.002040972980837748, 0.003288875940540211, 0.004250348845865064, 0.005386933828264413]","[0.001840336440849041, 0.0023807467229780633, 0.004215167214721954, 0.006528639073349669, 0.007586878321481475]","[0.0015904541438911909, 0.0022236139293914984, 0.0038617448709391366, 0.005532375798254904, 0.006939095048293188]","[0.0028293842687172705, 0.002676697263683157, 0.003697876134678249, 0.004951857274733549, 0.006180561151012861]","[0.0018172262387065705, 0.0023871631983941595, 0.003969556153618996, 0.004964498083731293, 0.006253706651143025]","[0.0016296151153254166, 0.002203611560186578, 0.0029401918437059796, 0.0025919685694365422, 0.004120896798196653]","[0.0015099322176148388, 0.002059693175619102, 0.0029503847231392042, 0.002501082967123069, 0.004071670748919173]"
XMR,"[0.0015030624375096755, 0.002867241223858527, 0.0037682914211859347, 0.0034502072840397104, 0.003934128797236593]","[0.0017153717429265246, 0.0029514329985187338, 0.003306638142230779, 0.002921767557903518, 0.0033173073997280755]","[0.0014128128722890587, 0.002823894118692585, 0.0035037101003736106, 0.0032042245921307727, 0.0036446042578633995]","[0.001471013391250569, 0.0023109575804529446, 0.0021708038757876327, 0.0017318472379851233, 0.0022757492413340223]","[0.001437524524391987, 0.0031969299974545186, 0.004163748525567606, 0.0038107038472959343, 0.00416712337552699]","[0.001669699875063044, 0.003613235057758359, 0.005806926247870759, 0.005735691042612897, 0.005922969099906157]","[0.0013872468056956963, 0.0033358474970992327, 0.004275341612510763, 0.003914138785271221, 0.0044141986836064235]","[0.0017952992931513229, 0.0032943431975731878, 0.0047030769109900625, 0.004618629657251727, 0.00466669836730722]","[0.0014963123672667733, 0.003302032406705954, 0.00441885289181007, 0.004078070437150314, 0.004574192862679704]","[0.002481014736029312, 0.003002145391294652, 0.00413209815513596, 0.0037067210689146883, 0.004247043115375373]","[0.0016841119739386028, 0.0030834886022493295, 0.0037431525207338974, 0.0034131830824810005, 0.0038237608689816725]","[0.001525372500757682, 0.002330523489201812, 0.002156234508238036, 0.0017196669240852611, 0.002267040025796477]","[0.0014202608569171176, 0.0023126178963577214, 0.0021533338922784958, 0.0017091730853276547, 0.0023056732071905606]"
VET,"[0.0021815552136056388, 0.0023776546055705693, 0.0026562709838137064, 0.002653321607017717, 0.0034131614187569537]","[0.002863695928366575, 0.0028740226059873987, 0.002948772961370509, 0.0032064936704391317, 0.004080735773981294]","[0.0023828593227971135, 0.0026906994691600315, 0.002783587317695754, 0.0028005151699456617, 0.003523006384030323]","[0.0022086269847877574, 0.002356236264940854, 0.002711722890171325, 0.002597297975225111, 0.003381277443779373]","[0.0025604786865681965, 0.003067645024943056, 0.002935575254243425, 0.0028538576968839945, 0.0038480548255671256]","[0.00219852408724856, 0.0023930445619130426, 0.0027106266863764195, 0.002511757436111797, 0.003372698840162854]","[0.0023240796441092245, 0.002425764369924844, 0.0028557559082664427, 0.002604937410148329, 0.00483547730917596]","[0.002818041546780411, 0.0031346673360294346, 0.0028889719959410936, 0.00322142247922985, 0.004171318354317702]","[0.002189797933121691, 0.002391833757654147, 0.002800112810577388, 0.0024776295540341786, 0.0035311117649784412]","[0.003430687330730554, 0.003663409179293416, 0.0030169579655863112, 0.003381618853877297, 0.004032934765152057]","[0.002181678273668649, 0.002432946394189095, 0.0029130636941595554, 0.0026785953815266074, 0.003936560778829185]","[0.0023483810078404736, 0.002535021833881111, 0.0026872638987944487, 0.0028349910981196897, 0.0034477908124178813]","[0.0021946029791617, 0.0023509384561381406, 0.0027047860728286227, 0.0025211966868202936, 0.0033719954121398587]"
ALGO,"[0.0020682809447744857, 0.0024371634930371146, 0.004229235328338626, 0.005100731748590799, 0.005591577402083302]","[0.0028050897039340675, 0.0031261544554577656, 0.00500903250224886, 0.006137030448155786, 0.005948555962055121]","[0.0020568564720259736, 0.0024273222662591055, 0.004172903168789601, 0.005026825101237078, 0.005532218842984652]","[0.002048742207677821, 0.0024024575781905464, 0.002987356689046799, 0.0026903692114192265, 0.003682914399408152]","[0.002253080407465049, 0.002626876917498412, 0.003885463132787992, 0.004408041035207969, 0.005125924379474497]","[0.0024667479792413343, 0.0029727003425050703, 0.004692695480901075, 0.006090275334715015, 0.006595527696812253]","[0.002051682510335133, 0.0024202299623094035, 0.004224488198575968, 0.005104229927219026, 0.005601192210577404]","[0.00205239714371945, 0.0024213535732572266, 0.004194902012365476, 0.005054546215961356, 0.0055578701784678415]","[0.0023246727067905326, 0.0028846606580499768, 0.006179542674630847, 0.008739061888977433, 0.007792561335822706]","[0.0031855893209405527, 0.003052433798962685, 0.004625151265820147, 0.00594708574893953, 0.006539146608916607]","[0.0021062619366575865, 0.0025879645902031805, 0.004624161611417371, 0.005569901114113575, 0.00600042053000517]","[0.00214997490365013, 0.0024030442990024214, 0.0030658095981000396, 0.0027684139983301334, 0.0038633766201549933]","[0.002065691018568354, 0.002410401318288281, 0.0029300914296604605, 0.0026019387874567585, 0.0036862005788321963]"
EOS,"[0.0023665304300486624, 0.0026619559956863378, 0.0028443832722729423, 0.004134862814796009, 0.011312970312863456]","[0.0025903943967571117, 0.0030736793818956763, 0.0031294423024353928, 0.004281171108956113, 0.011994640075261926]","[0.002403560300040705, 0.00280465590534811, 0.0028591336165479345, 0.004066862986719388, 0.011624389022729406]","[0.002285848878685958, 0.0026125400213757514, 0.0028730649152644444, 0.004124239685852288, 0.0036982506265355384]","[0.00279779471117508, 0.003034630193293941, 0.003447415709690952, 0.004724358093462169, 0.0055029812766079714]","[0.002341783114293388, 0.0026634245969325817, 0.0028404489067054253, 0.004020010058052052, 0.009762943356832194]","[0.0023925419931840317, 0.0025951221983289965, 0.0028116007606872164, 0.00410230157536101, 0.010622251471879628]","[0.002356750138274627, 0.0026596131383099337, 0.002853855434685423, 0.004039324216462714, 0.009337260726351632]","[0.002402639929754533, 0.0028438747475324467, 0.0028979991431943254, 0.004734440869989192, 0.0067012488663468015]","[0.003315690955416306, 0.003583063455652437, 0.0035859513391053683, 0.005126923146810905, 0.011419337954186587]","[0.0025705808919430865, 0.0030172525014602516, 0.0029504852492056297, 0.004980414825043627, 0.01640518563665245]","[0.002433000022091763, 0.0027927645685165256, 0.0028476940225568674, 0.004255031123969604, 0.0037262082164978]","[0.0023280433631452696, 0.002604167366927203, 0.0028411117787368, 0.004116684788378554, 0.003582835541096151]"
CHZ,"[0.004330956326459873, 0.0028916075998686877, 0.0035674937315658436, 0.0039265205472098705, 0.0037450228689415404]","[0.005130992806535624, 0.00407860325079734, 0.004149951406792732, 0.004873365759735975, 0.004093373102151889]","[0.00417475508167265, 0.002876501008627576, 0.003563310466166063, 0.0038555618473899438, 0.0037454950153574884]","[0.004359464822252484, 0.002992729592048557, 0.003577514787496352, 0.002633749200396115, 0.003598690889743118]","[0.0051275541040822995, 0.0035965228493358187, 0.004633569408944892, 0.005491615546235592, 0.004928583191974163]","[0.004205700740772621, 0.002878007367269544, 0.003628736430206448, 0.004047898396742133, 0.0038068151642394257]","[0.004165844994220528, 0.002877681753508653, 0.003585748856414545, 0.0041491831180738795, 0.0038286358676290063]","[0.004163188574984851, 0.0028782617724289294, 0.0035850332745043538, 0.004166926731246943, 0.0038275497984613708]","[0.0045334922024785436, 0.0031441899858102255, 0.0038732756446344403, 0.004277262191031502, 0.004157706957969089]","[0.005888112733163774, 0.004409843753286565, 0.005556317303176482, 0.005048117839183, 0.00489037018858094]","[0.004225276984808284, 0.002883314964054719, 0.003588394968084913, 0.0037854406543624784, 0.003699205184349511]","[0.004437850832330175, 0.003270044139696112, 0.0037166207233792197, 0.0025610689102742493, 0.0036738216663154215]","[0.00418400602026107, 0.002888311355907542, 0.0035373243687450416, 0.002593154029668329, 0.0035521029637341985]"
IOTA,"[0.0028241561307167165, 0.003509156973019298, 0.004580599516405176, 0.004273635601376676, 0.00467734943092239]","[0.0031617977224511636, 0.003866628221708729, 0.005586653892224538, 0.004969786353033731, 0.005367556827010953]","[0.0026443547649126153, 0.003595862082291431, 0.004779719121913839, 0.004489217494258736, 0.004934022229151451]","[0.002647983205609789, 0.002458059341100313, 0.002935795739497813, 0.0026631100187974, 0.0033941520032171615]","[0.003129449998689251, 0.004602180270863815, 0.0056560320047212365, 0.005279361638666722, 0.005945696204426354]","[0.0027039074883846094, 0.003075576915550661, 0.0040321895049271845, 0.0038247548441945464, 0.004284130875511435]","[0.0026638047855537597, 0.0036765486325332974, 0.00484944942481498, 0.0045779476683090025, 0.005015044609715985]","[0.0026396409102346736, 0.003395219322929324, 0.0046424700977036, 0.004272596175152267, 0.004740734184644148]","[0.002965383915596952, 0.0037009141008084905, 0.005252282095024707, 0.004645152751511061, 0.005221783851662255]","[0.004050178409549895, 0.004140773071844425, 0.0051686148490003685, 0.005366514953365496, 0.005611511834817642]","[0.0029770260712654144, 0.004182787432078072, 0.006010783118528473, 0.005252426044546631, 0.005797267897080708]","[0.0028179704061403474, 0.002510189494228282, 0.0029663447306573984, 0.002687690146972577, 0.003372775202255888]","[0.0026579471483378233, 0.0024412852342009374, 0.002928746094435263, 0.0026572568587418855, 0.0033643322152736364]"
NEO,"[0.002454369616896182, 0.0029921151566247224, 0.0043781416362641355, 0.002385846749413885, 0.004080417311366711]","[0.003076602170238988, 0.0035129318618962583, 0.004605114249510253, 0.002795303874876376, 0.004739406963889901]","[0.002694396625698365, 0.0031237482698594993, 0.004214237289823934, 0.002835765519030539, 0.004133813319830662]","[0.002463164020564495, 0.002974683206540662, 0.00415753441383545, 0.0023425145078391414, 0.004005903716031192]","[0.0024692406614681963, 0.0030077530622534274, 0.0042404143643344164, 0.002552301777886166, 0.004069793594127653]","[0.0025460716903877613, 0.002983721950195363, 0.004126801571274643, 0.002708332440194219, 0.004166321401314663]","[0.0024508164248315425, 0.002983358033296055, 0.004107078614330011, 0.0024040892505791337, 0.003996446673723025]","[0.0024337154766502075, 0.0030559687694544516, 0.0041976358319397895, 0.002369005192905453, 0.00395688949602259]","[0.0024918502364503162, 0.0030494971558758265, 0.004956277058266161, 0.0025200791830530785, 0.004130033962315629]","[0.003467460824481516, 0.005483236807818892, 0.005266677403118714, 0.0050837982784864766, 0.00598577845355829]","[0.002463905589036313, 0.0031025580364478994, 0.004756804434851647, 0.0024770260879506977, 0.0039330270568076735]","[0.0027606165684329826, 0.003205667718733427, 0.004149264315995815, 0.0026480720576751477, 0.004179593568571129]","[0.0024504598395748726, 0.0029805242450960607, 0.004187091392171183, 0.002296746316929425, 0.003983554950030582]"
XTZ,"[0.0018969491010731917, 0.0033994015500791184, 0.006380110963067641, 0.004312951896904338, 0.00483186170384263]","[0.0024607934104241744, 0.0034637544620077267, 0.006923273825657705, 0.004416488280092156, 0.004969993516581186]","[0.0018511079543010853, 0.003333181075028216, 0.005571135820747922, 0.003964059298973439, 0.004388928998180089]","[0.0018385743054502401, 0.0030891003608703007, 0.002824547581105165, 0.00246855885372571, 0.0032661640152745206]","[0.002690578182747744, 0.004464936039203813, 0.00749346058710108, 0.005762581990345845, 0.006083373227602164]","[0.0029077829389589733, 0.0035203933068168884, 0.005811921218654753, 0.00383331500992657, 0.004481257866088264]","[0.0020569461403992747, 0.00392588736537327, 0.009638818253511615, 0.005312891141843718, 0.005952941567764792]","[0.0023418257251362853, 0.004323473763374435, 0.008259815685583032, 0.006068897679182981, 0.006785349631483046]","[0.0019179277515333662, 0.003433924089054327, 0.005475159782868874, 0.003929630377003076, 0.004504117657804739]","[0.0036820250306932737, 0.0039320408531395845, 0.006415373008740727, 0.0046886020928772875, 0.005595295121560188]","[0.00184275874244241, 0.003446887393940407, 0.0066844921612197175, 0.004243689937484689, 0.004785913139745546]","[0.0018973103309856958, 0.0032938322372208606, 0.0029222877899632497, 0.0025711989910662033, 0.003436919438072286]","[0.0018543503876688276, 0.003096036210021675, 0.002839574866289078, 0.002418125625835899, 0.003194813498155057]"
